Track_Name,Artist_Name
"thank u, next",Ariana Grande
8th Wonder,The National Parks
Silver Lining,Mt. Joy
bad idea,Ariana Grande
Jimmy Cooks (feat. 21 Savage),"Drake,21 Savage"
stupid,Tate McRae
Always Been You,Quinn XCII
People Watching,Conan Gray
Blow,Jackson Wang
Somebody To You,The Vamps
STARGAZING,Travis Scott
International Love (feat. Chris Brown),"Pitbull,Chris Brown"
Fight Night,Migos
NO BYSTANDERS,Travis Scott
Tornado Warnings,Sabrina Carpenter
You Give Love A Bad Name,Bon Jovi
Nonsense,Sabrina Carpenter
Barefoot Cinderella,Hannah Montana
I'm Still Good,Hannah Montana
broken,lovelytheband
Need a Little Love,"Hannah Montana,Sheryl Crow"
Limitless,Logic
Keanu Reeves,Logic
I'll Always Remember You,Hannah Montana
Kiss it Goodbye,Hannah Montana
Ordinary Girl,Hannah Montana
clickbait,Logic
Gonna Get This,"Hannah Montana,Iyaz"
Crash Course,Sam MacPherson
Balam Pichkari,"Pritam,Vishal Dadlani,Shalmali Kholgade"
La Buena Vida,Camila Cabello
Winnebago (feat. Quinn XCII & Daniel Wilson),"Gryffin,Quinn XCII,Daniel Wilson"
Build Me up Buttercup,The Foundations
I felt that,blackbear
Uptown Girl,Billy Joel
queen of broken hearts,blackbear
The Way You Make Me Feel - 2012 Remaster,Michael Jackson
SUNDOWN,Jack Harlow
Ghost,Ella Henderson
29,Demi Lovato
i'm so tired...,"Lauv,Troye Sivan"
False Confidence,Noah Kahan
Please Me,"Cardi B,Bruno Mars"
3:15 (Breathe),Russ
SKELETONS,Travis Scott
After Party,Ne-Yo
Greatness,Quavo
Niagara Falls (Foot or 2) [with Travis Scott & 21 Savage],"Metro Boomin,Travis Scott,21 Savage"
Break Your Heart,Taio Cruz
Survivor,Destiny's Child
Betty (Get Money),Yung Gravy
Don't Let Me,Morningsiders
Cynic,Noah Kahan
Cheating on You,Charlie Puth
Show Me What You Got,G.R.L.
Metro Spider (with Young Thug),"Metro Boomin,Young Thug"
Rewind,G.R.L.
Ugly Heart,G.R.L.
Bam Bam (feat. Ed Sheeran),"Camila Cabello,Ed Sheeran"
Psychic,"Chris Brown,Jack Harlow"
Rocketeer,"Far East Movement,Ryan Tedder,Ruff Loaderz"
Peaches (feat. Daniel Caesar & Giveon),"Justin Bieber,Daniel Caesar,Giveon"
me & ur ghost,blackbear
Devil Doesn’t Bargain,Alec Benjamin
VIBE (feat. Jimin of BTS),"TAEYANG,Jimin"
Nice For What,Drake
love nwantiti (ah ah ah),CKay
Come & Go (with Marshmello),"Juice WRLD,Marshmello"
MOMMAE (Feat. Ugly Duck),"Jay Park,Ugly Duck"
Killing Me,Conan Gray
Been Here All Along,Hannah Montana
Being Me,Quinn XCII
F2F,SZA
Thousand Miles,The Kid LAROI
Good Life,"Kanye West,T-Pain"
I Don't Like,"Chief Keef,Lil Reese"
In My Head (feat. Travis Barker),"24kGoldn,Travis Barker"
That's What I Get,charlieonnafriday
16,Baby Keem
Holding on to Us,Leslie Odom Jr.
Buy U a Drank (Shawty Snappin') (feat. Yung Joc),"T-Pain,Yung Joc"
All I Want Is You (feat. J. Cole),"Miguel,J. Cole"
We R Who We R,Kesha
This Is Why We Can't Have Nice Things,Taylor Swift
Lately,"Forrest.,Biskwiq,Ryce"
Bartender,Quinn XCII
Believe Me,Navos
Forever Young,BLACKPINK
Sue Me,Sabrina Carpenter
Naked,James Arthur
In My Feelings,Drake
Die For Me (feat. Future & Halsey),"Post Malone,Halsey,Future"
Spin Bout U,"Drake,21 Savage"
Trap Queen,Fetty Wap
WAIT FOR U (feat. Drake & Tems),"Future,Drake,Tems"
u love u,"blackbear,Tate McRae"
I miss the old u,blackbear
Back To You - From 13 Reasons Why – Season 2 Soundtrack,Selena Gomez
Karma,Taylor Swift
Never Say Never,"Justin Bieber,Jaden"
Beauty And A Beat,"Justin Bieber,Nicki Minaj"
That Should Be Me,Justin Bieber
Eenie Meenie,"Justin Bieber,Sean Kingston"
She Calls Me Back,Noah Kahan
Favorite Girl,Justin Bieber
One Less Lonely Girl,Justin Bieber
,
The Lucky One (Taylor's Version),Taylor Swift
Everything Has Changed (feat. Ed Sheeran) (Taylor’s Version),"Taylor Swift,Ed Sheeran"
Red (Taylor's Version),Taylor Swift
State Of Grace (Taylor's Version),Taylor Swift
Chosen (feat. Ty Dolla $ign),"Blxst,Tyga,Ty Dolla $ign"
Treacherous (Taylor's Version),Taylor Swift
,
Deniro,Alec Benjamin
Maniac,Conan Gray
Bam Bam (feat. Ed Sheeran),"Camila Cabello,Ed Sheeran"
Happier Than Ever - Edit,Billie Eilish
I'm Not A Cynic,Alec Benjamin
Jesus in LA,Alec Benjamin
"King's Dead (with Kendrick Lamar, Future & James Blake)","Jay Rock,Kendrick Lamar,Future,James Blake"
Rubbin off the Paint,YBN Nahmir
Is It Over Now? (Taylor's Version) (From The Vault),Taylor Swift
When You Down (with Polo G feat. Lil Durk),"Lil Tecca,Polo G,Lil Durk"
Last Kiss Of Nebulon,Tory Lanez
Hymn,Kesha
Let 'Em Talk (feat. Eagles of Death Metal),"Kesha,Eagles Of Death Metal"
Woman (feat. The Dap-Kings Horns),"Kesha,The Dap-Kings Horns"
I Want It All,COIN
Sk8er Boi,Avril Lavigne
Somebody To You,"The Vamps,Demi Lovato"
Loved By You (feat. Burna Boy),"Justin Bieber,Burna Boy"
Take You Dancing,Jason Derulo
Acapulco,Jason Derulo
I Need Your Love (feat. Ellie Goulding),"Calvin Harris,Ellie Goulding"
Let Me Love You (Until You Learn To Love Yourself),Ne-Yo
...Ready For It?,Taylor Swift
Time of Our Lives,"Pitbull,Ne-Yo"
Miss Independent,Ne-Yo
Handle Me Gently,Ne-Yo
Don't Stop,5 Seconds of Summer
Someone New,Hozier
Curtains,Ed Sheeran
Chemical,Post Malone
Fast Car,Luke Combs
She's Kinda Hot,5 Seconds of Summer
Plastic Hearts,Miley Cyrus
"Would've, Could've, Should've",Taylor Swift
sheluvme,Tai Verdes
End Game,"Taylor Swift,Ed Sheeran,Future"
PMW (All I Really Need) (feat. ScHoolboy Q),"A$AP Rocky,ScHoolboy Q"
Cigarettes,Juice WRLD
Learn To Let Go,Kesha
Tell Me Why (Taylor’s Version),Taylor Swift
Crash My Car,COIN
You,Miley Cyrus
100 Degrees,Rich Brian
All My Love,Noah Kahan
Slide Away,Miley Cyrus
Malibu,Miley Cyrus
Sledgehammer,Fifth Harmony
Letting Go (Dutty Love) featuring Nicki Minaj (feat. Nicki Minaj),"Sean Kingston,Nicki Minaj"
No Frauds,"Nicki Minaj,Drake,Lil Wayne"
Broken Clocks,SZA
Paranoid,Post Malone
Spoil My Night (feat. Swae Lee),"Post Malone,Swae Lee"
Rich & Sad,Post Malone
Nonsense (with Coi Leray) - Remix,"Sabrina Carpenter,Coi Leray"
la di die (feat. Jaden Hossler),"Nessa Barrett,jxdn"
Over Now,Post Malone
Baby I,Ariana Grande
missin u,Tori Kelly
Super Freaky Girl,Nicki Minaj
That’s Not How This Works (feat. Dan + Shay & Sabrina Carpenter) - Sabrina’s Version,"Charlie Puth,Dan + Shay,Sabrina Carpenter"
Smooth Criminal - 2012 Remaster,Michael Jackson
Sugar Sweet,Benson Boone
Forget Me,Lewis Capaldi
Muddy Feet (feat. Sia),"Miley Cyrus,Sia"
Swervin (feat. 6ix9ine),"A Boogie Wit da Hoodie,6ix9ine"
Lie To Me,5 Seconds of Summer
River,Miley Cyrus
Violet Chemistry,Miley Cyrus
Breakeven,The Script
You Make Me Feel,La La La La
Good Things Fall Apart (with Jon Bellion),"ILLENIUM,Jon Bellion"
Change (Taylor’s Version),Taylor Swift
Fifteen (Taylor’s Version),Taylor Swift
Runaway,"Kanye West,Pusha T"
Devil In A New Dress,"Kanye West,Rick Ross"
Monster,"Kanye West,JAY-Z,Rick Ross,Nicki Minaj,Bon Iver"
All Of The Lights,Kanye West
POWER,Kanye West
Gorgeous,"Kanye West,Kid Cudi,Raekwon"
Last Night,Morgan Wallen
Telepath,Conan Gray
Sorry 4 What? // LV BELT,Tory Lanez
Love Lost,"Mac Miller,The Temper Trap"
Tell Me You Love Me,Demi Lovato
I Ain't Worried,OneRepublic
get him back!,Olivia Rodrigo
Mess,Noah Kahan
Crying In The Car,Megan Thee Stallion
Chains,Nick Jonas
Bubblegum Bitch,MARINA
It Can't Be,Jack Harlow
Toothbrush,DNCE
Rock Bottom,"Hailee Steinfeld,DNCE"
Pretty Brown Eyes,Cody Simpson
Shut Down,BLACKPINK
Fire N Gold,Bea Miller
Really Don't Care,"Demi Lovato,Cher Lloyd"
wonder if she loves me,JVKE
Ballad of a Badman,Tory Lanez
Hurt From Mercury,Tory Lanez
Uptown Vibes (feat. Fabolous & Anuel AA),"Meek Mill,Anuel AA,Fabolous"
The Hard Way,"PNAU,Khalid"
Flowers,Miley Cyrus
Almost Slipped,Meek Mill
We're All Gonna Die (with Noah Kahan),"Joy Oladokun,Noah Kahan"
Run,BTS
Death By A Thousand Cuts,Taylor Swift
Heaven,Niall Horan
Popular (with Playboi Carti & Madonna) - The Idol Vol. 1 (Music from the HBO Original Series),"The Weeknd,Playboi Carti,Madonna"
London Boy,Taylor Swift
Mona Lisa (Spider-Man: Across the Spider-Verse),Dominic Fike
PORSCHE TOPLESS,Kid Cudi
IDGAF (with blackbear),"BoyWithUke,blackbear"
Galway Girl,Ed Sheeran
"Home (Metro Boomin & Don Toliver, Lil Uzi Vert)","Metro Boomin,Don Toliver,Lil Uzi Vert"
Demons,Imagine Dragons
Island,Miley Cyrus
Don't,Ed Sheeran
Thunder,Imagine Dragons
She Looks So Perfect,5 Seconds of Summer
Checkmate,Conan Gray
vampire,Olivia Rodrigo
Wish You Were Sober,Conan Gray
Follow God,Kanye West
Jaded,Miley Cyrus
The Man,Taylor Swift
Burnin' Up,Jonas Brothers
Radio,Lana Del Rey
Rose Colored Lenses,Miley Cyrus
Complicated,Avril Lavigne
The Other Side Of The Door (Taylor’s Version),Taylor Swift
On My Mind,Ellie Goulding
Black Magic,Little Mix
It Wasn't Me,"Shaggy,Rik Rok"
Just That Girl,Drew Seeley
Tequila Shots,Kid Cudi
Sky,Playboi Carti
supernatural,Ariana Grande
wonder if she loves me,JVKE
I Don't Like,"Chief Keef,Lil Reese"
Rich MF (feat. Polo G & Lil Durk),"Trippie Redd,Polo G,Lil Durk"
All Night,"The Vamps,Matoma"
guilty conscience,Tate McRae
Smokin Out The Window,"Bruno Mars,Anderson .Paak,Silk Sonic"
Long Live,Taylor Swift
"yes, and?",Ariana Grande
Let's Go,Key Glock
Baby again..,"Fred again..,Skrillex,Four Tet"
I Know Places,Taylor Swift
Down,"Jay Sean,Lil Wayne"
Nights Like This (feat. Ty Dolla $ign),"Kehlani,Ty Dolla $ign"
Enchanted,Taylor Swift
Can I,Kehlani
These Nights,"Loud Luxury,KIDDO"
Speak Now,Taylor Swift
Out Of The Woods,Taylor Swift
Wonder,Shawn Mendes
Teenage Dream,Katy Perry
777,"Bruno Mars,Anderson .Paak,Silk Sonic"
California Love - Original Version,"2Pac,Roger,Dr. Dre"
All Too Well (Taylor's Version),Taylor Swift
I Almost Do (Taylor's Version),Taylor Swift
Stay Stay Stay (Taylor's Version),Taylor Swift
Starlight (Taylor's Version),Taylor Swift
Crooked Smile (feat. TLC),"J. Cole,TLC"
Message In A Bottle (Taylor's Version) (From The Vault),Taylor Swift
I'm Good (Blue),"David Guetta,Bebe Rexha"
"One Of The Girls (with JENNIE, Lily Rose Depp)","The Weeknd,JENNIE,Lily-Rose Depp"
Broadway Girls (feat. Morgan Wallen),"Lil Durk,Morgan Wallen"
Without You (feat. Usher),"David Guetta,USHER"
a lot,21 Savage
Holy Ground (Taylor's Version),Taylor Swift
Me And You,"Coco Jones,Tyler James Williams"
New Romantics,Taylor Swift
Almost (Sweet Music),Hozier
Home,Good Neighbours
Cruel Summer,Taylor Swift
Feel No Ways,Drake
née-nah,"21 Savage,Travis Scott,Metro Boomin"
Call You Mine,"The Chainsmokers,Bebe Rexha"
They Don't Know About Us,One Direction
Big Girls Don't Cry (Personal),Fergie
Forever & Always (Taylor’s Version),Taylor Swift
family ties (with Kendrick Lamar),"Baby Keem,Kendrick Lamar"
WUSYANAME (feat. Youngboy Never Broke Again & Ty Dolla $ign),"Tyler, The Creator,YoungBoy Never Broke Again,Ty Dolla $ign"
Out of Time,The Weeknd
Bad Bitch (feat. Ty Dolla $ign),"Bebe Rexha,Ty Dolla $ign"
Take Me Home (feat. Bebe Rexha) - Acoustic,"Cash Cash,Bebe Rexha"
The Way I Loved You (Taylor’s Version),Taylor Swift
High,The Chainsmokers
Forever Yours,Brent Faiyaz
Pepas,Farruko
I Cannot Be (A Sadder Song) (with Gunna),"Post Malone,Gunna"
Heart Wants What It Wants,Bebe Rexha
Miracle Man,Bebe Rexha
10:35,"Tiësto,Tate McRae"
Rich Baby Daddy (feat. Sexyy Red & SZA),"Drake,Sexyy Red,SZA"
Visions (Don't Go),Bebe Rexha
all my friends,21 Savage
Girl At Home (Taylor's Version),Taylor Swift
How You Get The Girl,Taylor Swift
Better Than Revenge,Taylor Swift
Father Stretch My Hands Pt. 1,Kanye West
Back To December,Taylor Swift
The Story Of Us,Taylor Swift
Go Back (feat. Julia Church),"John Summit,Sub Focus,Julia Church"
Good Life,"Kanye West,T-Pain"
I Got Nerve - From Hannah Montana/Soundtrack Version,Hannah Montana
The Best of Both Worlds - From Hannah Montana/Soundtrack Version,Hannah Montana
Who Said - From Hannah Montana/Soundtrack Version,Hannah Montana
Just Like You - From Hannah Montana/Soundtrack Version,Hannah Montana
Pumpin' Up The Party - From Hannah Montana/Soundtrack Version,Hannah Montana
If We Were A Movie - From Hannah Montana/Soundtrack Version,Hannah Montana
The Other Side of Me - From Hannah Montana/Soundtrack Version,Hannah Montana
This Is The Life - From Hannah Montana/Soundtrack Version,Hannah Montana
We Got The Party,Hannah Montana
Do It Again,"Pia Mia,Chris Brown,Tyga"
Rock Star,Hannah Montana
It Wasn't Me,"Shaggy,Rik Rok"
Life's What You Make It,Hannah Montana
One In a Million,Hannah Montana
True Friend,Hannah Montana
He Could Be the One,Hannah Montana
I Wanna Know You,"Hannah Montana,David Archuleta"
Échame La Culpa,"Luis Fonsi,Demi Lovato"
Don't Wanna Be Torn,Hannah Montana
Let's Get Crazy,Hannah Montana
If We Were A Movie,"Hannah Montana,Corbin Bleu"
Love Me Harder,"Ariana Grande,The Weeknd"
Formula,Labrinth
Sundress,A$AP Rocky
Wonderland,Taylor Swift
Champion,Kanye West
we're not alike,Tate McRae
obsessed,Olivia Rodrigo
Perfect Strangers,"Jonas Blue,JP Cooper"
I Wish You Would,Taylor Swift
Blank Space,Taylor Swift
Champions,"Kanye West,Gucci Mane,Big Sean,2 Chainz,Travis Scott,Yo Gotti,Quavo,Desiigner"
Still into You,Paramore
Never Really Over,Katy Perry
Thank You (Not So Bad),"Dimitri Vegas & Like Mike,Tiësto,Dido,W&W,Dimitri Vegas,Like Mike"
Acapulco,Jason Derulo
Animals,Maroon 5
Every Summertime,NIKI
Famous,Kanye West
Aftertaste (feat. Morgan St. Jean),"Loud Luxury,Morgan St. Jean"
i like the way you kiss me,Artemas
Espresso,Sabrina Carpenter
My Boy Only Breaks His Favorite Toys,Taylor Swift
Sparks Fly,Taylor Swift
Right Above It,"Lil Wayne,Drake"
Wrapped Around Your Finger,Post Malone
With You,Chris Brown
Pop Thieves (Make It Feel Good),"Childish Gambino,Jaden"
Buy U a Drank (Shawty Snappin') (feat. Yung Joc),"T-Pain,Yung Joc"
So High School,Taylor Swift
Run This Town,"JAY-Z,Rihanna,Kanye West"
Praise God,Kanye West
Tell It To My Heart,"MEDUZA,Hozier"
Type Shit,"Future,Metro Boomin,Travis Scott,Playboi Carti"
More Than You Know,Axwell /\ Ingrosso
Haunted,Taylor Swift
Good Life,"Kanye West,T-Pain"
Damage,H.E.R.
The Very First Night (Taylor's Version) (From The Vault),Taylor Swift
Escapism.,"RAYE,070 Shake"
I'm Gonna Show You Crazy,Bebe Rexha
Kiss You,One Direction
I Would,One Direction
Rock Me,One Direction
"C'mon, C'mon",One Direction
Back For You,One Direction
Nobody Compares,One Direction
She's Not Afraid,One Direction
You Proof,Morgan Wallen
Lion Heart,Girls' Generation
Gashina,SUNMI
HER,Block B
Tidal,Noah Kahan
Isabelle,Zach Hood
Be Kind (with Halsey),"Marshmello,Halsey"
I Bet You Think About Me (feat. Chris Stapleton) (Taylor’s Version) (From The Vault),"Taylor Swift,Chris Stapleton"
Pointless,Lewis Capaldi
One in a Million,"Bebe Rexha,David Guetta"
Sky High,Elektronomia
What is Love,TWICE
FAKE LOVE,BTS
Love Letter,Scorey
Hopeless Romantic,Sam Fischer
Alright,"Sam Fischer,Meghan Trainor"
CALL ME BABY,EXO
I Got A Boy,Girls' Generation
I Like That,SISTAR
Fell In Luv (feat. Bryson Tiller),"Playboi Carti,Bryson Tiller"
Nightcrawler (feat. Swae Lee & Chief Keef),"Travis Scott,Swae Lee,Chief Keef"
Ain’t That Some,Morgan Wallen
Last Night,Morgan Wallen
Run BTS,BTS
Relationship (feat. Future),"Young Thug,Future"
No Hands,Waka Flocka Flame
Till I Collapse,"Eminem,Nate Dogg"
Ghost,Justin Bieber
Die For You (feat. Dominic Fike),"Justin Bieber,Dominic Fike"
Without Me,Eminem
Somebody,Justin Bieber
Deserve You,Justin Bieber
White America,Eminem
Fantastic Baby,BIGBANG
Element,Pop Smoke
Don’t Stop (feat. Young Thug),"Megan Thee Stallion,Young Thug"
clown (with Trevor Daniel),"blackbear,Trevor Daniel"
half alive,blackbear
Geronimo,Sheppard
Life Goes On (feat. Trippie Redd & Ski Mask The Slump God),"Oliver Tree,Trippie Redd,Ski Mask The Slump God"
Touch (feat. Kid Ink),"Little Mix,Kid Ink"
Shout Out to My Ex,Little Mix
I Be,Key Glock
Power (feat. Stormzy),"Little Mix,Stormzy"
Rock Ur World,"Knock2,fussy"
Hobgoblin,CLC
Don't Wanna Fall In Love,KYLE
Boogie Feet (feat. Eagles of Death Metal),"Kesha,Eagles Of Death Metal"
Babe (Taylor's Version) (From The Vault),Taylor Swift
Grow A Pear,Kesha
Don't Wanna Cry,SEVENTEEN
Ticking Away,"VALORANT,Grabbitz,bbno$"
American Teenager,Ethel Cain
Cowgirl (feat. Lourdiz),"Nicki Minaj,Lourdiz"
Body Party,Ciara
Crazy,4Minute
As If It's Your Last,BLACKPINK
in my head,Ariana Grande
u love u (with Tate McRae),"blackbear,Tate McRae"
The End,Thomas Day
Move On - Bonus,Lil Tjay
Daydreamin',Ariana Grande
Bam Bam (feat. Ed Sheeran),"Camila Cabello,Ed Sheeran"
HVN ON EARTH (with Kodak Black),"Lil Tecca,Kodak Black"
Up All Night,Khalid
Cooped Up / Return Of The Mack,"Post Malone,Mark Morrison,Sickick"
RAGER BOYZ (with Young Thug),"Kid Cudi,Young Thug"
Too Well,Reneé Rapp
CUD LIFE,Kid Cudi
should've wore a bonnet,"21 Savage,Brent Faiyaz"
redrum,21 Savage
Want Her,"Mustard,Quavo,YG"
family ties (with Kendrick Lamar),"Baby Keem,Kendrick Lamar"
WOW (with A$AP Rocky),"Kid Cudi,A$AP Rocky"
GO TO HELL,Clinton Kane
Would That I,Hozier
Afterglow,Sam Fischer
Drown (feat. Clinton Kane),"Martin Garrix,Clinton Kane"
Body,"Loud Luxury,Brando"
CHICKEN TENDIES,Clinton Kane
All I Wanna Do (K) (Feat. Hoody & Loco),"Jay Park,Hoody,Loco"
Anti-Hero - ILLENIUM Remix,"Taylor Swift,ILLENIUM"
Infinitely Falling,Fly By Midnight
YOUTH,Troye Sivan
Opp Stoppa (feat. 21 Savage),"YBN Nahmir,21 Savage"
So Good (Feat. Common Ground),"Jay Park,Common Ground"
Chills (LA Hills),"Tiësto,A Boogie Wit da Hoodie"
I Was Never There,"The Weeknd,Gesaffelstein"
Shine,PENTAGON
,
All In My Head (Flex) (feat. Fetty Wap),"Fifth Harmony,Fetty Wap"
Ring,Selena Gomez
You Got The Body,Ne-Yo
People You Know,Selena Gomez
WAKE UP,Travis Scott
92 Explorer,Post Malone
5% TINT,Travis Scott
WAP (feat. Megan Thee Stallion),"Cardi B,Megan Thee Stallion"
Drip Too Hard (Lil Baby & Gunna),"Lil Baby,Gunna"
Champagne Cool,Jackson Wang
Fast Times,Sabrina Carpenter
Ainvayi Ainvayi,"Salim–Sulaiman,Salim Merchant,Sunidhi Chauhan,Amitabh Bhattacharya"
Gorgeous,Taylor Swift
Dancing With Our Hands Tied,Taylor Swift
3500 (feat. Future & 2 Chainz),"Travis Scott,Future,2 Chainz"
Drive It Like You Stole It,Jackson Wang
Down In Atlanta,"Pharrell Williams,Travis Scott"
I Love Me,Demi Lovato
Dance Again,Selena Gomez
Way 2 Sexy (with Future & Young Thug),"Drake,Future,Young Thug"
bet u wanna,Sabrina Carpenter
Apple Pie,Travis Scott
OUT WEST (feat. Young Thug),"JACKBOYS,Travis Scott,Young Thug"
Cruel,Jackson Wang
I Did Something Bad,Taylor Swift
Rich Flex,"Drake,21 Savage"
ghost town,JVKE
Ms. Jackson,Outkast
Wobble Up (feat. Nicki Minaj & G-Eazy),"Chris Brown,Nicki Minaj,G-Eazy"
Cigarettes On Patios,BabyJake
Something Big,Shawn Mendes
La Bachata,Manuel Turizo
P.Y.T. (Pretty Young Thing),Michael Jackson
Girls Like You,The Attire
Miss Americana & The Heartbreak Prince,Taylor Swift
"So Fresh, So Clean",Outkast
pick up the phone,"Young Thug,Travis Scott"
ALIEN SUPERSTAR,Beyoncé
Like I Can,Sam Smith
beibs in the trap,Travis Scott
Rare,Selena Gomez
I'm Upset,Drake
Look At Her Now,Selena Gomez
Already Over,Sabrina Carpenter
BUTTERFLY EFFECT,Travis Scott
BackOutsideBoyz,Drake
Backpack,Quinn XCII
Fancy,"Iggy Azalea,Charli XCX"
ALWAYS DO,The Kid LAROI
Suga Suga,"Baby Bash,Frankie J"
REPEAT IT (with Gunna),"Lil Tecca,Gunna"
Reggaetón Lento (Remix),"CNCO,Little Mix"
Oops (feat. Charlie Puth),"Little Mix,Charlie Puth"
Sunroof,"Nicky Youre,dazy"
That's What I Like (feat. Gucci Mane),"Bruno Mars,Gucci Mane"
Falling Down - Bonus Track,"Lil Peep,XXXTENTACION"
Cleanin' Out My Closet,Eminem
Headshot (feat. Polo G & Fivio Foreign),"Lil Tjay,Polo G,Fivio Foreign"
Better Days (NEIKED x Mae Muller x Polo G),"NEIKED,Mae Muller,Polo G"
No Love (with SZA & Cardi B) - Extended Version,"Summer Walker,SZA,Cardi B"
I Like That,Bazzi
We Don't Luv Em,HoodRich Pablo Juan
Tic Tac,"Future,Lil Uzi Vert"
Feel Good (feat. Lil Tjay),"Fresco Trey,Lil Tjay"
Lingo,"Deno,J.I the Prince of N.Y,Chunkz"
Jordan Belfort,"Wes Walker,Dyl"
Pop Out (feat. Lil Tjay),"Polo G,Lil Tjay"
Scared Money (feat. J. Cole and Moneybagg Yo),"YG,J. Cole,Moneybagg Yo"
Square Dance,Eminem
2055,Sleepy Hallow
Numb Numb Juice,ScHoolboy Q
As It Was,Harry Styles
Clueless (with Pop Smoke & Fivio Foreign),"Polo G,Pop Smoke,Fivio Foreign"
Girls Want Girls (with Lil Baby),"Drake,Lil Baby"
good 4 u,Olivia Rodrigo
Die Hard,"Kendrick Lamar,Blxst,Amanda Reifer"
It's Not so Bad,Dybbukk
I WANNA SEE SOME ASS (feat. jetsonmade),"Jack Harlow,jetsonmade"
Say Goodbye Hollywood,Eminem
Bad Man (Smooth Criminal),Polo G
MONEY,LISA
Sunroof,"Nicky Youre,dazy"
sun and moon,anees
Bad Bad Bad (feat. Lil Baby),"Young Thug,Lil Baby"
Hot (feat. Gunna),"Young Thug,Gunna"
NOT SOBER (feat. Polo G & Stunna Gambino),"The Kid LAROI,Polo G,Stunna Gambino"
See You Again,Miley Cyrus
Baby,"Justin Bieber,Ludacris"
First Class,Jack Harlow
Mind Is A Prison,Alec Benjamin
Took Her To The O,King Von
Fight the Feeling,"Mac Miller,Kendrick Lamar,Iman Omari"
Maps,Maroon 5
The One That Got Away,Katy Perry
Steal My Girl,One Direction
Monster (Shawn Mendes & Justin Bieber),"Shawn Mendes,Justin Bieber"
Fine China,"Future,Juice WRLD"
Lost,Frank Ocean
Jumpin (feat. Polo G),"NLE Choppa,Polo G"
Still Think About You,A Boogie Wit da Hoodie
Run It! (feat. Juelz Santana),"Chris Brown,Juelz Santana"
Heart Mind,"Kodak Black,Plies"
No Air (feat. Chris Brown),"Jordin Sparks,Chris Brown"
LOVE. FEAT. ZACARI.,"Kendrick Lamar,Zacari"
m y . l i f e (with 21 Savage & Morray),"J. Cole,21 Savage,Morray"
Saint Pablo,Kanye West
Sativa,"Jhené Aiko,Swae Lee"
DEVASTATED,Joey Bada$$
"Do It (feat. Doja Cat, City Girls & Mulatto) [Remix]","Chloe x Halle,Doja Cat,City Girls,Latto"
3005,Childish Gambino
Avalanche,Migos
Still Trappin',"Lil Durk,King Von"
This Love,Maroon 5
Rich Nigga Shit (feat. Young Thug),"21 Savage,Metro Boomin,Young Thug"
I Can't Sleep,"Powfu,Sarcastic Sounds"
Drankin N Smokin,"Future,Lil Uzi Vert"
The Champion - Bonus Track,"Carrie Underwood,Ludacris"
Light Switch,Charlie Puth
Love Drugs and Sex,A Boogie Wit da Hoodie
bad vibes forever (feat. PnB Rock & Trippie Redd),"XXXTENTACION,PnB Rock,Trippie Redd"
@ my worst,blackbear
Rags2Riches 2 (feat. Lil Baby),"Rod Wave,Lil Baby"
Runaway Baby,Bruno Mars
Me and My Guitar,A Boogie Wit da Hoodie
Cherry Wine,grentperez
Mr. Perfectly Fine (Taylor’s Version) (From The Vault),Taylor Swift
Time Flies,Drake
The Spins,Mac Miller
boyfriend (with Social House),"Ariana Grande,Social House"
Jungle,A Boogie Wit da Hoodie
"Leave Em Alone (Layton Greene, Lil Baby feat. City Girls, PnB Rock)","Quality Control,Layton Greene,Lil Baby,City Girls,PnB Rock"
Lost,Frank Ocean
Strawberry Skies,Kid Travis
Match In The Rain,Alec Benjamin
Finesse - Remix; feat. Cardi B,"Bruno Mars,Cardi B"
Don't Run Away,"Tyler James Williams,IM5"
Die Hard,"Kendrick Lamar,Blxst,Amanda Reifer"
DRUGS,Tai Verdes
Walk Around,"Double A-Ron,Jdillon"
Bitches These Days,Olivia O'Brien
FML,Arizona Zervas
ROXANNE,Arizona Zervas
Honest (feat. Don Toliver),"Justin Bieber,Don Toliver"
Whatever It Takes,Imagine Dragons
NUMB,Chri$tian Gate$
Believer,Imagine Dragons
what would you do?,Tate McRae
Dangerous (feat. Jeremih and PnB Rock),"Meek Mill,Jeremih,PnB Rock"
Going Bad (feat. Drake),"Meek Mill,Drake"
Championships,Meek Mill
On Me (feat. Cardi B),"Meek Mill,Cardi B"
West Coast (feat. Quinn XCII),"DVBBS,Quinn XCII"
Numb,"Marshmello,Khalid"
wish u the best (feat. Stalking Gia),"blackbear,Stalking Gia"
Hey Baby (Drop It to the Floor) (feat. T-Pain),"Pitbull,T-Pain"
No Love (with SZA),"Summer Walker,SZA"
Youngblood,5 Seconds of Summer
It's Gonna Be Me,*NSYNC
Talking Body,Tove Lo
You Make Me Feel... (feat. Sabi),"Cobra Starship,Sabi"
LoveGame,Lady Gaga
Drive By,Train
"Numbers (feat. Roddy Ricch, Gunna and London On Da Track)","A Boogie Wit da Hoodie,London On Da Track,Roddy Ricch,Gunna"
Drowning (feat. Kodak Black),"A Boogie Wit da Hoodie,Kodak Black"
Somebody (feat. Don Q),"A Boogie Wit da Hoodie,Don Q"
Unhappy,A Boogie Wit da Hoodie
Because Of You,Ne-Yo
Say A',A Boogie Wit da Hoodie
Look Back at It,A Boogie Wit da Hoodie
Demons and Angels (feat. Juice WRLD),"A Boogie Wit da Hoodie,Juice WRLD"
Startender (feat. Offset and Tyga),"A Boogie Wit da Hoodie,Tyga,Offset"
Hurts Like Hell (feat. Offset),"Madison Beer,Offset"
she's all i wanna be,Tate McRae
Don't Run Away,"Tyler James Williams,IM5"
Hate That I Love You,"Rihanna,Ne-Yo"
Bye Bye Bye,*NSYNC
Just Like Me (feat. Young Thug),"A Boogie Wit da Hoodie,Young Thug"
Ex For A Reason (with JT from City Girls),"Summer Walker,JT,City Girls"
Thot Shit,Megan Thee Stallion
Rich,Megan Thee Stallion
Read your Mind,Sabrina Carpenter
Girls Like You,The Attire
Runaway Baby,Bruno Mars
Heartless (feat. Mustard),"Polo G,Mustard"
Go Stupid,"Polo G,Stunna 4 Vegas,NLE Choppa,Mike WiLL Made-It"
I Know,Polo G
Flex (feat. Juice WRLD),"Polo G,Juice WRLD"
21,Polo G
Don’t Blame Me,Taylor Swift
Are You Ready,Hannah Montana
Dilliwaali Girlfriend,"Pritam,Arijit Singh,Sunidhi Chauhan"
Paper Rings,Taylor Swift
One Time,Justin Bieber
Love Me,Justin Bieber
THRU THE NIGHT (feat. Bryson Tiller),"Jack Harlow,Bryson Tiller"
Dua Lipa,Jack Harlow
The Night Is Still Young,Nicki Minaj
Knockin,Freddie Stroma
Badtameez Dil,"Pritam,Benny Dayal,Shefali Alvares"
Liar,Camila Cabello
psychofreak (feat. WILLOW),"Camila Cabello,WILLOW"
Don't Go Yet,Camila Cabello
B.I.T.C.H.,Megan Thee Stallion
Captain Hook,Megan Thee Stallion
Savage,Megan Thee Stallion
Ain't Equal,Megan Thee Stallion
Body,Megan Thee Stallion
Cry Baby (feat. DaBaby),"Megan Thee Stallion,DaBaby"
Circles,Megan Thee Stallion
Shots Fired,Megan Thee Stallion
What’s New,Megan Thee Stallion
shots in the dark (with Trippie Redd),"iann dior,Trippie Redd"
I feel bad,blackbear
Distraction,Polo G
Phases,PRETTYMUCH
Autopilot,Quinn XCII
LATATA,(G)I-DLE
There She Goes,"Taio Cruz,Pitbull"
In the Ayer (feat. will.I.am),"Flo Rida,will.i.am"
she's all i wanna be,Tate McRae
Light Switch,Charlie Puth
Woman Like Me (feat. Nicki Minaj),"Little Mix,Nicki Minaj"
EX,Kiana Ledé
Drop Shit,NLE Choppa
Hey Stephen (Taylor’s Version),Taylor Swift
Despicable G's,"BABY GRAVY,Yung Gravy,bbno$"
Kabhi Kabhi Aditi,Rashid Ali
All My Life (feat. J. Cole),"Lil Durk,J. Cole"
Ms. Poli Sci,"Paul Russell,Khary"
No Way Jose,"BABY GRAVY,Yung Gravy,bbno$"
in my miNd,Maty Noyes
Super Smash Bros.,"BABY GRAVY,Yung Gravy,bbno$"
back 2 back 2 back,"BABY GRAVY,Yung Gravy,bbno$"
Ruby,"Connor Price,Oliver Cronin"
What the Hell,Avril Lavigne
Boys Ain't Shit (feat. Tate McRae & Audrey Mika),"SAYGRACE,Tate McRae,Audrey Mika"
piccolo,bbno$
BEAM TO YA HEAD,HAARPER
Silk & Cologne (EI8HT & Offset) - Spider-Verse Remix,"EI8HT,Offset"
Pasadena,"BABY GRAVY,Yung Gravy,bbno$"
Welcome to Chilis,"BABY GRAVY,Yung Gravy,bbno$"
Lemon Lime,Nic D
She Knows,"Ne-Yo,Juicy J"
Good In Goodbye,Madison Beer
FTCU,Nicki Minaj
I Got A Shot,Jack Harlow
Search & Rescue,Drake
Die Young,Roddy Ricch
‘87 Stingray,Tory Lanez
Broke In A Minute,Tory Lanez
Reminder,The Weeknd
Harleys In Hawaii,Katy Perry
Mmmh,KAI
Everybody (feat. Lil Uzi Vert),"Nicki Minaj,Lil Uzi Vert"
KEEP BOUNCIN’,Kid Cudi
Glock In My Lap,"21 Savage,Metro Boomin"
"All The Way Live (Spider-Man: Across the Spider-Verse) (Metro Boomin & Future, Lil Uzi Vert)","Metro Boomin,Future,Lil Uzi Vert"
Got Me Started,Troye Sivan
Hollywood,Lewis Capaldi
Blue Moon,Bebe Rexha
DK Rap (From Donkey Kong 64),Player2
Patty Cake (feat. Takeoff),"Quavo,Takeoff"
500lbs,Lil Tecca
If Only I (feat. Bebe Rexha),"Loud Luxury,Two Friends,Bebe Rexha"
Water Under the Bridge,Adele
Make You Mine,Madison Beer
Domino,Jessie J
Starboy,"The Weeknd,Daft Punk"
Cotton Candy,Nic D
No Idea,Don Toliver
Cupid - Twin Ver.,FIFTY FIFTY
Poison Poison,Reneé Rapp
Talk Too Much,Reneé Rapp
asmr,21 Savage
pad lock,21 Savage
a&t,21 Savage
Bad Habits,Ed Sheeran
Get Lucky (feat. Pharrell Williams and Nile Rodgers),"Daft Punk,Pharrell Williams,Nile Rodgers"
Players,Coi Leray
HOTEL LOBBY (Unc & Phew),"Quavo,Takeoff"
Tyler Herro,Jack Harlow
sneaky,21 Savage
GETCHA GONE,Kid Cudi
Took My Breath Away (feat. Skye Morales),"Trippie Redd,Skye Morales"
Just Us (feat. SZA),"DJ Khaled,SZA"
Sad & Alone,"Zzz.,Trippie Redd"
Back to You (feat. Bebe Rexha & Digital Farm Animals),"Louis Tomlinson,Bebe Rexha,Digital Farm Animals"
Make You Say,"Zedd,Maren Morris,BEAUZ"
The London (feat. J. Cole & Travis Scott),"Young Thug,J. Cole,Travis Scott"
HOTEL LOBBY (Unc & Phew),"Quavo,Takeoff"
Hundred,Khalid
Cocaine,Logic
Still Ballin (feat. Wiz Khalifa),"Logic,Wiz Khalifa"
Icy (feat. Gucci Mane),"Logic,Gucci Mane"
Wannabe,Logic
Homicide (feat. Eminem),"Logic,Eminem"
Confessions of a Dangerous Mind,Logic
Ruin My Life,Zara Larsson
Holy (feat. Chance The Rapper),"Justin Bieber,Chance the Rapper"
Conceited,SZA
exes,Tate McRae
Agora Hills,Doja Cat
Dangerous,"Kardinal Offishall,Akon"
Smack That,"Akon,Eminem"
Where The Love Goes (feat. Oskar Flood),"Anjulie,Oskar Flood"
Used (feat. Don Toliver),"SZA,Don Toliver"
Opps Want Me Dead,Lil Skies
Ransom,Lil Tecca
TOES (feat. Lil Baby & Moneybagg Yo),"DaBaby,Lil Baby,Moneybagg Yo"
Notice Me,SZA
Wake Up in the Sky,"Gucci Mane,Bruno Mars,Kodak Black"
Murder on My Mind,YNW Melly
Close Friends (Lil Baby & Gunna),Lil Baby
Kamikaze,Lil Mosey
Raindrops (Insane) [with Travis Scott],"Metro Boomin,Travis Scott"
Yoppa (with BlocBoy JB),"Lil Mosey,BlocBoy JB"
AT THE PARTY (feat. Pharrell Williams & Travis Scott),"Kid Cudi,Pharrell Williams,Travis Scott"
Last Time I Saw You,Nicki Minaj
Come Thru (with Usher),"Summer Walker,USHER"
Lose Control,"MEDUZA,Becky Hill,Goodboys"
Prisoner (feat. Dua Lipa),"Miley Cyrus,Dua Lipa"
Falling For You,"Repiet,LVRNS,Luxor,Rico 56"
Boots,Kesha
FLIP THE SWITCH (feat. Drake),"Quavo,Drake"
SLIDE FOR ME,Jack Harlow
TOO MUCH,Jack Harlow
Vetement Socks,NAV
LIKE THIS,Jack Harlow
OK Not To Be OK,"Marshmello,Demi Lovato"
9TH GRADE,Jack Harlow
Don't You Worry Child - Radio Edit,"Swedish House Mafia,John Martin"
Heartless,Kanye West
Superhero (Heroes & Villains) [with Future & Chris Brown],"Metro Boomin,Future,Chris Brown"
ZEZE (feat. Travis Scott & Offset),"Kodak Black,Offset,Travis Scott"
Bubbly (with Drake & Travis Scott),"Young Thug,Drake,Travis Scott"
Used (feat. Don Toliver),"SZA,Don Toliver"
Champion (feat. Travis Scott),"NAV,Travis Scott"
I Can't Save You (Interlude) [with Future & feat. Don Toliver],"Metro Boomin,Future,Don Toliver"
VALENTINO,24kGoldn
CITY OF ANGELS,24kGoldn
GAMES ON YOUR PHONE,24kGoldn
If Only I (feat. Bebe Rexha),"Loud Luxury,Two Friends,Bebe Rexha"
Where You Are - Zedd Remix,"John Summit,HAYLA,Zedd"
Lovin On Me,Jack Harlow
Caught Up (with Olivia O'Brien),"Gryffin,Olivia O'Brien"
Hellcats & Trackhawks,"Only The Family,Lil Durk"
bloodline,Ariana Grande
"break up with your girlfriend, i'm bored",Ariana Grande
Dreaming,dilip
Summersault,dilip
SICKO MODE,Travis Scott
Girls in the Hood,Megan Thee Stallion
Hold On,Justin Bieber
Blame It On Me,Post Malone
Beautiful Pain (Losin My Mind),Polo G
Ball For Me (feat. Nicki Minaj),"Post Malone,Nicki Minaj"
Easy,"Connor Price,Nic D"
Bones,Imagine Dragons
Tell Ur Girlfriend,Lay Bankz
Addicted,"Zerb,The Chainsmokers,Ink"
Piece Of Your Heart,"MEDUZA,Goodboys"
Feeling Like The End,Joji
View,SHINee
Colorado,Reneé Rapp
Bad Memories,"MEDUZA,James Carter,Elley Duhé,FAST BOY"
Jerry Sprunger (with T-Pain),"Tory Lanez,T-Pain"
lil' freak,bbno$
Catastrophize,Noah Kahan
Stacy,Quinn XCII
Stereo Love - Sped Up,krush
"쏘리 쏘리 Sorry, Sorry",SUPER JUNIOR
Fall In Love Alone,Stacey Ryan
FOMO (Don't Do Cool Shit),Quinn XCII
Terms and Conditions,Mahalia
Stay Awake,Dean Lewis
Carlo's Song,Noah Kahan
Phone,"MEDUZA,Sam Tompkins,Em Beihold"
Good Thing (with Kehlani),"Zedd,Kehlani"
I'm a Mess,Bebe Rexha
Please Don't Go,Mike Posner
Brokenhearted,Karmin
Blurry Pictures,Max Drazen
Whatever She Wants,Bryson Tiller
Like That,"Future,Metro Boomin,Kendrick Lamar"
No Fear,DeJ Loaf
The Lows,Quinn XCII
5 Shots,gianni & kyle
Dopamine Addict,Alec Benjamin
uh oh,Tate McRae
Never Be Lonely,"Jax Jones,Zoe Wees"
Lose It All (I Don't Wanna),BUNT.
Like That (feat. Gucci Mane),"Doja Cat,Gucci Mane"
"Shakira: Bzrp Music Sessions, Vol. 53","Bizarrap,Shakira"
One Two Three Four (Get On The Dance Floor),"Vishal Dadlani,Hamsika Iyer"
"Good Luck, Babe!",Chappell Roan
Devil,SUPER JUNIOR
stacy's brother,Mad Tsai
MILLION DOLLAR BABY,Tommy Richman
MONEY ON THE DASH,"Elley Duhé,Whethan"
"Better Off (Alone, Pt. III)","Alan Walker,Dash Berlin,Vikkstar"
(It Goes Like) Nanana - Edit,Peggy Gou
DNA,BTS
PLAYING WITH FIRE,BLACKPINK
Likey,TWICE
Body Moving,"Eliza Rose,Calvin Harris"
All Night Long,"Kungs,David Guetta,Izzy Bizu"
Lucifer,SHINee
DNA (Loving You) [feat. Hannah Boleyn],"Billy Gillies,Hannah Boleyn"
Hate,4Minute
BOSS,"NCT,NCT U"
Chained Up,VIXX
OMG,NewJeans
Too Sweet,Hozier
Souvenir,Selena Gomez
Old Town Road - Remix,"Lil Nas X,Billy Ray Cyrus"
Die 4 Me,Halsey
true story,Ariana Grande
Hell N Back (feat. Summer Walker),"Bakar,Summer Walker"
Coast (feat. Anderson .Paak),"Hailee Steinfeld,Anderson .Paak"
Saajanji Ghar Aaye,"Kavita Krishnamurthy,Kumar Sanu,Alka Yagnik"
Old Blue Jeans,Hannah Montana
Should’ve Been Us,Tori Kelly
Nobody Love,Tori Kelly
the boy is mine,Ariana Grande
People,Libianca
Is There Someone Else?,The Weeknd
Drifting,Tiësto
Drag Me Down,One Direction
Feather,Sabrina Carpenter
Dip (feat. Nicki Minaj),"Tyga,Nicki Minaj"
Desire (with Sam Smith),"Calvin Harris,Sam Smith"
Lucky You (feat. Joyner Lucas),"Eminem,Joyner Lucas"
Nobody's Perfect,Hannah Montana
Bitch I'm Madonna,"Madonna,Nicki Minaj"
Sorry Not Sorry,Demi Lovato
Fairplay - Remix,"Kiana Ledé,A$AP Ferg"
Tití Me Preguntó,Bad Bunny
Kill Em With Kindness,Selena Gomez
Hands To Myself,Selena Gomez
Zack And Codeine,Post Malone
rockstar (feat. 21 Savage),"Post Malone,21 Savage"
Bad Idea,Dove Cameron
A Sweeter Place (feat. Kid Cudi),"Selena Gomez,Kid Cudi"
"Sajna, Say Yes To The Dress","Badshah,Payal Dev"
Supergirl,Hannah Montana
Same Old Love,Selena Gomez
Baby Doll,"Meet Bros Anjjan,Kanika Kapoor"
One Of Your Girls,Troye Sivan
I Sent My Therapist To Therapy,Alec Benjamin
Gallan Goodiyaan,"Yashita Sharma,Manish Kumar Tipu,Farhan Akhtar,Shankar Mahadevan,Sukhwinder Singh"
bye,Ariana Grande
Long Live A$AP,A$AP Rocky
Old Town Road,Lil Nas X
Good For You,"Selena Gomez,A$AP Rocky"
,
SO DONE,The Kid LAROI
imgonnagetyouback,Taylor Swift
Where Are You Now,"Lost Frequencies,Calum Scott"
Just A Cloud Away,Pharrell Williams
Ultralight Beam,Kanye West
Off My Face,Justin Bieber
Where Are You Now,"Lost Frequencies,Calum Scott"
Keep Driving,Harry Styles
Anyone,Justin Bieber
R.I.C.O. (feat. Drake),"Meek Mill,Drake"
As I Am (feat. Khalid),"Justin Bieber,Khalid"
Be Something,"Polo G,Lil Baby"
Thinkin Bout You,Frank Ocean
Someone You Loved,Lewis Capaldi
JACKIE BROWN,Brent Faiyaz
Love Songs - Bonus,Kaash Paige
Lost Me,Giveon
Gone Girl,SZA
Still Your Best,Giveon
Barso Re,"A.R. Rahman,Shreya Ghoshal,Uday Mazumdar"
Different Kind Of Beautiful,Alec Benjamin
Open Arms (feat. Travis Scott),"SZA,Travis Scott"
Ready (feat. Gunna),"Lil Baby,Gunna"
Love Sosa,Chief Keef
Bartender (feat. Akon),"T-Pain,Akon"
Tombé,M. Pokora
Hummingbird (Metro Boomin & James Blake),"Metro Boomin,James Blake"
The Lost Boy (feat. Skizzy Mars),"Lostboycrow,Skizzy Mars"
You Never Know,BLACKPINK
There for You,"Martin Garrix,Troye Sivan"
Martin & Gina,Polo G
Chicago Freestyle (feat. Giveon),"Drake,Giveon"
My Love Mine All Mine,Mitski
"Nonviolent Communication (Metro Boomin & James Blake, A$AP Rocky, 21 Savage)","Metro Boomin,James Blake,A$AP Rocky,21 Savage"
Hold Me While You Wait,Lewis Capaldi
Bruises,Lewis Capaldi
Grace,Lewis Capaldi
Forever,Lewis Capaldi
Pick Me,Alec Benjamin
Little Bit of Time,dilip
What Other People Say,"Sam Fischer,Demi Lovato"
Guilty as Sin?,Taylor Swift
Maria I'm Drunk (feat. Justin Bieber & Young Thug),"Travis Scott,Justin Bieber,Young Thug"
Sandman,A$AP Rocky
ELECTROWAVEBABY,Kid Cudi
GET OFF ME (with Travis Scott),"Kid Cudi,Travis Scott"
Be Like That - feat. Swae Lee & Khalid,"Kane Brown,Swae Lee,Khalid"
imperfect for you,Ariana Grande
Bad for You (feat. Nicki Minaj),"Meek Mill,Nicki Minaj"
eternal sunshine,Ariana Grande
act ii: date @ 8 (feat. Drake) - remix,"4batz,Drake"
Fade Away,"The Kid LAROI,Lil Tjay"
Taking A Walk,Trippie Redd
Come Through (feat. Chris Brown),"H.E.R.,Chris Brown"
Work Song,Hozier
Enchanted Waterfall,krush
we can't be friends (wait for your love),Ariana Grande
Best Time,Brent Faiyaz
Mr. Rager,Kid Cudi
Come Down - RAC Mix,"Noah Kahan,RAC"
Beautiful Things,Benson Boone
Burn,USHER
Teenage Fever,Drake
On My Mama,Victoria Monét
Super Gremlin,Kodak Black
By Your Side,Rod Wave
Glue Myself Shut,Noah Kahan
Cardigan,Don Toliver
Playing Games (with Bryson Tiller) - Extended Version,"Summer Walker,Bryson Tiller"
Tummy Hurts,Reneé Rapp
BLUE SKY,Kid Cudi
I Wonder,Kanye West
In My Room,Frank Ocean
Crowded Room (feat. 6LACK),"Selena Gomez,6LACK"
Never Lose Me,Flo Milli
Same,dilip
slower,Tate McRae
What You Know Bout Love,Pop Smoke
Calling My Phone,"Lil Tjay,6LACK"
Save Me,Noah Kahan
Hurt Somebody,"Noah Kahan,Julia Michaels"
Kratos (A Little Closer),Alex LeMirage
Imperfections (Interlude),Pop Smoke
Leaked,Lil Tjay
RAPSTAR,Polo G
Down Bad,Taylor Swift
Low Life (feat. The Weeknd),"Future,The Weeknd"
But Daddy I Love Him,Taylor Swift
Fresh Out The Slammer,Taylor Swift
So Far Away (feat. Jamie Scott & Romy Dya),"Martin Garrix,David Guetta,Jamie Scott,Romy Dya"
Love Lockdown,Kanye West
Who’s Afraid of Little Old Me?,Taylor Swift
January 28th,J. Cole
"Slide (Remix) (feat. Pop Smoke, A Boogie Wit da Hoodie & Chris Brown) (feat. Pop Smoke)","H.E.R.,A Boogie Wit da Hoodie,Chris Brown,Pop Smoke"
Sink,Noah Kahan
For Tonight,Giveon
i don't want to watch the world end with someone else,Clinton Kane
Losin Control,Russ
Daddy Issues - Slowed Remix,syre
Fell In Love,"Marshmello,Brent Faiyaz"
Halloween,Novo Amor
In The Stars,Benson Boone
Sunset Lover,Petit Biscuit
Watching My World Fall Apart,Sam Fischer
I Wonder,Kanye West
july,Lyn Lapid
This City,Sam Fischer
Secondhand Happiness,Sam Fischer
if we never met,John K
Massive,Drake
Falling,Harry Styles
Wicked Games,Kiana Ledé
YOSEMITE,Travis Scott
Boyfriend,Dove Cameron
Undrunk,FLETCHER
Ghost Town,Benson Boone
lie to me,"Ali Gatie,Tate McRae"
double take,Dhruv
summer&cigarettes,sammy rash
Dusk Till Dawn (feat. Sia) - Radio Edit,"ZAYN,Sia"
Hold Me While You Wait,Lewis Capaldi
Stay,Post Malone
Psycho (feat. Ty Dolla $ign),"Post Malone,Ty Dolla $ign"
Koi Mil Gaya,"Kavita Krishnamurthy,Udit Narayan,Alka Yagnik"
Love Someone,Lukas Graham
Take Me to Church,Hozier
False God,Taylor Swift
Bruises,Reneé Rapp
In The Kitchen,Reneé Rapp
Jenny Jenkins,Mt. Joy
Ajab Si (From Om Shanti Om),KK
Hallucinogenics,Matt Maeson
Auf & Ab,Montez
do re mi,blackbear
Ophelia,The Lumineers
Busyhead,Noah Kahan
Make Me Proud,"Drake,Nicki Minaj"
you broke me first,Tate McRae
Rainbow,Kesha
One,Lewis Capaldi
The View Between Villages,Noah Kahan
White Horse (Taylor’s Version),Taylor Swift
All Of The Girls You Loved Before,Taylor Swift
This Love (Taylor’s Version),Taylor Swift
august,Taylor Swift
Nail Tech,Jack Harlow
Peaches,Jack Black
Dusty,Ed Sheeran
Thinking out Loud,Ed Sheeran
Photograph,Ed Sheeran
Maybe,Lewis Capaldi
So Sick,Ne-Yo
Jocelyn Flores,XXXTENTACION
Wondering,"Olivia Rodrigo,Julia Lester,Disney"
Arcade,Duncan Laurence
bellyache,Billie Eilish
All I Want,Kodaline
Erasing You,HÆRT
Kuch Kuch Hota Hai,"Jatin-Lalit,Udit Narayan,Alka Yagnik"
"You're On Your Own, Kid",Taylor Swift
Beautiful,Christina Aguilera
High Infidelity,Taylor Swift
Eyes Closed,Ed Sheeran
Creepin' (with The Weeknd & 21 Savage),"Metro Boomin,The Weeknd,21 Savage"
Don't Love Me,Ne-Yo
How Can I Forget,MKTO
decode,Sabrina Carpenter
Bad for Business,Sabrina Carpenter
emails i can’t send,Sabrina Carpenter
Call It What You Want,Taylor Swift
Dress,Taylor Swift
Corduroy Dreams,Rex Orange County
Let Me Down (with Chelsea Cutler),"Quinn XCII,Chelsea Cutler"
My Mind & Me,Selena Gomez
Black Porsche,Quinn XCII
lovebomb,Nessa Barrett
The Way You Felt,Alec Benjamin
Low,SZA
Hate You,Jordi
Before You,Benson Boone
ever fallen?,Kate Peytavin
You Are In Love,Taylor Swift
Vulnerable,Selena Gomez
Dear John,Taylor Swift
Clean,Taylor Swift
I Want You Back,The Jackson 5
Die For You,Joji
Shot Clock,Ella Mai
Snooze,SZA
Shadow Of Mine,Alec Benjamin
I,Lil Skies
Hours In Silence,"Drake,21 Savage"
Proud of You,Ne-Yo
Blue Spirits,DWLLRS
golden hour,JVKE
moon and back,JVKE
One Day,Tate McRae
Glimpse of Us,Joji
Vicious,Sabrina Carpenter
because i liked a boy,Sabrina Carpenter
LOVE AGAIN,The Kid LAROI
Why Do You Talk To Me?,Quinn XCII
Bejeweled,Taylor Swift
Paris,Taylor Swift
Midnight Rain,Taylor Swift
Snow On The Beach (feat. Lana Del Rey),"Taylor Swift,Lana Del Rey"
Maroon,Taylor Swift
Lavender Haze,Taylor Swift
Vigilante Shit,Taylor Swift
Sweet Nothing,Taylor Swift
Glitch,Taylor Swift
Stick Season,Noah Kahan
Drew Barrymore,SZA
"Everywhere, Everything",Noah Kahan
Speakers,Alec Benjamin
rubberband,Tate McRae
Fix It to Break It,Clinton Kane
Slingshot,"Zach Seabaugh,Chance Peña"
Self Love (Spider-Man: Across the Spider-Verse) (Metro Boomin & Coi Leray),"Metro Boomin,Coi Leray"
gold rush,Taylor Swift
willow,Taylor Swift
Head In The Clouds,"88rising,Joji"
long story short,Taylor Swift
So High,"Repiet,Lucles,Protocol Lab"
Toxic,Kehlani
My Bad,Khalid
Eastside (with Halsey & Khalid),"benny blanco,Halsey,Khalid"
Light On,Quinn XCII
We Don’t Talk Enough (with Alexander 23),"Quinn XCII,Alexander 23"
tolerate it,Taylor Swift
lowkey,NIKI
Labyrinth,Taylor Swift
Moral of the Story,Ashe
ceilings,Lizzy McAlpine
peace,Taylor Swift
Toxic,Polo G
Non-Stop,"Leslie Odom Jr.,Lin-Manuel Miranda,Renée Elise Goldsberry,Phillipa Soo,Christopher Jackson,Original Broadway Cast of Hamilton"
my tears ricochet,Taylor Swift
right where you left me - bonus track,Taylor Swift
marjorie,Taylor Swift
champagne problems,Taylor Swift
Echo,"RSCL,Repiet,Julia Kleijn"
7 rings,Ariana Grande
‘tis the damn season,Taylor Swift
What If I Love You,Gatlin
Until I Found You,Stephen Sanchez
Orange Juice,Noah Kahan
Come Over,Noah Kahan
Noticed,Lil Mosey
Insane,Summer Walker
Demons,Alec Benjamin
Oh My God,Alec Benjamin
The Book of You & I,Alec Benjamin
Alamo,Alec Benjamin
Must Have Been The Wind,Alec Benjamin
"no body, no crime (feat. HAIM)","Taylor Swift,HAIM"
drunk text me,Lexi Jayde
The Moment I Knew (Taylor's Version),Taylor Swift
Run (feat. Ed Sheeran) (Taylor’s Version) (From The Vault),"Taylor Swift,Ed Sheeran"
All Too Well (10 Minute Version) (Taylor's Version) (From The Vault),Taylor Swift
Begin Again (Taylor's Version),Taylor Swift
the lakes - bonus track,Taylor Swift
mirrorball,Taylor Swift
epiphany,Taylor Swift
seven,Taylor Swift
11.11,Quavo
High School in Jakarta,NIKI
Mixed Personalities (feat. Kanye West),"YNW Melly,Kanye West"
Run Through Fire,Pink Sweat$
Quiet,Camila Cabello
17,Pink Sweat$
chaotic,Tate McRae
We Go Down Together (with Khalid),"Dove Cameron,Khalid"
Shut up My Moms Calling,Hotel Ugly
Dazed & Confused,Ruel
august,Taylor Swift
this is me trying,Taylor Swift
illicit affairs,Taylor Swift
Blame Game,"Kanye West,John Legend"
mad woman,Taylor Swift
betty,Taylor Swift
Strawberries & Cigarettes,Troye Sivan
Out Of Love,Alessia Cara
I Forgot That You Existed,Taylor Swift
Lover,Taylor Swift
Nobody Gets Me,SZA
I Don’t Wanna Live Forever (Fifty Shades Darker),"ZAYN,Taylor Swift"
I Think He Knows,Taylor Swift
Jail,Kanye West
"Link Up (Metro Boomin & Don Toliver, Wizkid feat. BEAM & Toian) - Spider-Verse Remix (Spider-Man: Across the Spider-Verse )","Metro Boomin,Don Toliver,Wizkid,BEAM,Toian"
"Calling (Spider-Man: Across the Spider-Verse) (Metro Boomin & Swae Lee, NAV, feat. A Boogie Wit da Hoodie)","Metro Boomin,Swae Lee,NAV,A Boogie Wit da Hoodie"
Leray,Trippie Redd
That's Hilarious,Charlie Puth
invisible string,Taylor Swift
Hope,XXXTENTACION
Sky Walker (feat. Travis Scott),"Miguel,Travis Scott"
Pink Dolphin Sunset (feat. Tee),"Tory Lanez,Tee"
drunk text,Henry Moodie
Fantasize,Underground
Pink + White,Frank Ocean
Worst,Quinn XCII
Strangers,Kenya Grace
Die Young (feat. 347aidan),"Sleepy Hallow,347aidan"
Melting,Kali Uchis
BLAHBLAHBLAH DEMO,Joji
fake smile,Ariana Grande
Ghost in the Machine (feat. Phoebe Bridgers),"SZA,Phoebe Bridgers"
double take,Dhruv
I Like Me Better,Lauv
What It Is,KYLE
CODY BANKS,Jack Harlow
Pretty Girls,iann dior
Fresh Eyes,Andy Grammer
Dreamcatcher (feat. Swae Lee & Travis Scott),"Metro Boomin,Swae Lee,Travis Scott"
Held Me Down,"NAV,Metro Boomin"
hot girl bummer,blackbear
PICKYOURPHONEUP (feat. K CAMP),"Jack Harlow,K CAMP"
Count Me Out,Kendrick Lamar
I LIKE,Tory Lanez
Midnight's Interlude,Tory Lanez
"Am I Dreaming (Metro Boomin & A$AP Rocky, Roisee)","Metro Boomin,A$AP Rocky,Roisee"
"Psycho, Pt. 2",Russ
